date,sku,warehouse,units_sold
2025-11-17,SKU-2002,wh-east,3
2025-12-27,SKU-2005,wh-west,2
2025-11-11,SKU-2001,wh-east,10
2025-11-17,SKU-2003,wh-east,3
2025-12-31,SKU-2006,wh-east,10
2026-01-10,SKU-2005,wh-west,5
2026-01-03,SKU-2003,wh-east,2
2026-01-12,SKU-2006,wh-east,13
2026-01-03,SKU-2007,wh-west,2
2025-11-16,SKU-2001,wh-east,5
2025-12-05,SKU-2004,wh-west,4
2025-12-09,SKU-2001,wh-west,2
2026-01-07,SKU-2007,wh-west,6
2025-11-30,SKU-2001,wh-east,4
2025-11-11,SKU-2001,wh-west,3
2025-12-25,SKU-2005,wh-west,9
2025-12-04,SKU-2007,wh-east,3
2026-01-13,SKU-2007,wh-west,4
2025-11-18,SKU-2001,wh-east,15
2025-12-27,SKU-2007,wh-west,4
2025-12-12,SKU-2001,wh-east,10
2025-12-14,SKU-2002,wh-west,4
2025-11-21,SKU-2001,wh-east,12
2025-11-09,SKU-2002,wh-east,3
2025-12-29,SKU-2001,wh-west,6
2026-01-13,SKU-2002,wh-west,3
2026-01-10,SKU-2001,wh-west,5
2025-12-07,SKU-2005,wh-east,6
2025-12-14,SKU-2006,wh-west,4
2025-12-19,SKU-2002,wh-east,3
2025-11-10,SKU-2004,wh-east,6
2025-12-08,SKU-2002,wh-west,5
2025-11-16,SKU-2001,wh-west,3
2026-01-14,SKU-2007,wh-west,7
2025-12-20,SKU-2005,wh-west,0
2025-12-25,SKU-2006,wh-west,1
2026-01-10,SKU-2004,wh-west,0
2026-01-04,SKU-2004,wh-east,5
2025-12-11,SKU-2007,wh-east,3
2026-01-04,SKU-2003,wh-east,4
2025-11-07,SKU-2002,wh-west,4
2025-11-18,SKU-2007,wh-west,6
2026-01-07,SKU-2005,wh-east,10
2025-11-09,SKU-2007,wh-west,1
2025-11-07,SKU-2001,wh-west,4
2025-12-21,SKU-2004,wh-east,8
2025-11-24,SKU-2006,wh-west,9
2025-11-13,SKU-2004,wh-east,8
2025-11-24,SKU-2006,wh-east,14
2025-12-25,SKU-2003,wh-west,16
2025-11-22,SKU-2003,wh-east,4
2025-11-11,SKU-2003,wh-east,7
2025-12-02,SKU-2002,wh-east,3
2025-12-27,SKU-2001,wh-east,9
2025-11-22,SKU-2005,wh-west,6
2026-01-11,SKU-2004,wh-west,2
2026-01-09,SKU-2002,wh-west,6
2025-11-16,SKU-2005,wh-east,8
2025-11-26,SKU-2005,wh-east,8
2025-11-23,SKU-2004,wh-east,8
2025-11-24,SKU-2003,wh-west,10
2025-11-09,SKU-2001,wh-west,3
2025-12-24,SKU-2007,wh-east,3
2025-11-10,SKU-2003,wh-east,9
2026-01-10,SKU-2002,wh-west,2
2025-12-28,SKU-2003,wh-west,6
2025-12-15,SKU-2005,wh-west,13
2025-11-25,SKU-2007,wh-east,5
2025-11-28,SKU-2003,wh-east,8
2025-11-19,SKU-2007,wh-east,3
2025-11-30,SKU-2005,wh-east,4
2025-12-18,SKU-2007,wh-west,6
2025-11-15,SKU-2006,wh-east,11
2025-11-14,SKU-2001,wh-east,9
2026-01-14,SKU-2003,wh-west,10
2026-01-12,SKU-2002,wh-west,3
2026-01-12,SKU-2001,wh-east,9
2025-12-15,SKU-2005,wh-east,8
2026-01-09,SKU-2005,wh-east,8
2026-01-02,SKU-2005,wh-west,10
2025-11-23,SKU-2002,wh-west,1
2025-12-15,SKU-2001,wh-east,10
2025-12-12,SKU-2003,wh-east,5
2025-12-02,SKU-2003,wh-west,12
2026-01-06,SKU-2004,wh-east,5
2025-11-18,SKU-2001,wh-west,6
2025-11-16,SKU-2006,wh-west,3
2025-12-29,SKU-2004,wh-east,8
2025-12-11,SKU-2002,wh-west,3
2025-12-28,SKU-2006,wh-east,3
2026-01-10,SKU-2003,wh-west,0
2025-11-08,SKU-2004,wh-east,4
2025-11-17,SKU-2005,wh-east,10
2025-12-11,SKU-2001,wh-west,5
2025-11-07,SKU-2005,wh-east,4
2025-11-21,SKU-2007,wh-west,4
2025-11-07,SKU-2006,wh-west,5
2025-12-26,SKU-2006,wh-west,3
2025-12-29,SKU-2003,wh-east,8
2025-12-15,SKU-2007,wh-west,7
2025-12-28,SKU-2006,wh-west,1
2025-11-15,SKU-2006,wh-west,4
2025-12-27,SKU-2007,wh-east,2
2025-12-06,SKU-2006,wh-east,6
2026-01-02,SKU-2003,wh-west,12
2025-11-23,SKU-2001,wh-east,7
2025-12-22,SKU-2006,wh-west,6
2025-12-31,SKU-2003,wh-east,10
2025-12-02,SKU-2006,wh-west,5
2026-01-09,SKU-2002,wh-east,2
2025-12-06,SKU-2002,wh-east,3
2025-12-21,SKU-2005,wh-west,7
2025-11-24,SKU-2007,wh-west,6
2025-12-31,SKU-2007,wh-east,5
2025-12-12,SKU-2006,wh-west,5
2025-12-28,SKU-2002,wh-east,1
2025-12-22,SKU-2005,wh-east,5
2025-12-22,SKU-2003,wh-east,6
2026-01-08,SKU-2006,wh-east,6
2025-11-25,SKU-2005,wh-west,8
2025-11-13,SKU-2006,wh-west,5
2025-11-23,SKU-2001,wh-west,6
2026-01-15,SKU-2001,wh-west,7
2025-11-15,SKU-2005,wh-east,4
2025-12-21,SKU-2006,wh-west,4
2025-12-13,SKU-2002,wh-west,2
2025-12-31,SKU-2005,wh-west,10
2025-12-24,SKU-2004,wh-east,6
2025-11-15,SKU-2001,wh-west,2
2025-12-03,SKU-2002,wh-east,5
2025-11-29,SKU-2006,wh-west,5
2025-12-07,SKU-2002,wh-east,1
2025-11-14,SKU-2007,wh-west,7
2025-12-07,SKU-2007,wh-east,1
2025-11-18,SKU-2005,wh-west,8
2026-01-10,SKU-2007,wh-west,4
2025-12-26,SKU-2005,wh-east,8
2025-12-01,SKU-2003,wh-east,6
2025-11-18,SKU-2004,wh-east,4
2025-12-17,SKU-2007,wh-west,6
2025-12-16,SKU-2007,wh-west,6
2025-12-05,SKU-2005,wh-west,7
2025-11-26,SKU-2001,wh-east,7
2025-11-20,SKU-2004,wh-east,6
2025-12-15,SKU-2006,wh-east,11
2025-12-26,SKU-2003,wh-west,10
2025-12-13,SKU-2006,wh-west,5
2025-11-28,SKU-2002,wh-east,3
2025-11-12,SKU-2003,wh-east,11
2025-11-22,SKU-2002,wh-east,1
2025-11-25,SKU-2003,wh-west,7
2026-01-01,SKU-2004,wh-west,4
2025-12-01,SKU-2004,wh-east,4
2025-12-20,SKU-2004,wh-west,1
2025-12-01,SKU-2004,wh-west,5
2025-11-21,SKU-2001,wh-west,5
2025-12-21,SKU-2006,wh-east,8
2025-11-18,SKU-2005,wh-east,8
2025-12-30,SKU-2005,wh-east,11
2026-01-05,SKU-2007,wh-east,3
2026-01-09,SKU-2003,wh-east,9
2026-01-03,SKU-2002,wh-east,4
2026-01-15,SKU-2002,wh-east,3
2025-12-04,SKU-2007,wh-west,5
2025-12-09,SKU-2005,wh-west,8
2025-12-23,SKU-2002,wh-east,3
2025-11-29,SKU-2004,wh-west,1
2026-01-10,SKU-2002,wh-east,1
2025-12-20,SKU-2002,wh-west,3
2025-11-24,SKU-2003,wh-east,5
2026-01-11,SKU-2001,wh-west,1
2025-11-11,SKU-2007,wh-west,5
2025-11-22,SKU-2006,wh-west,2
2025-12-10,SKU-2003,wh-east,6
2025-12-24,SKU-2002,wh-west,5
2025-11-30,SKU-2006,wh-west,2
2025-11-25,SKU-2005,wh-east,6
2025-11-24,SKU-2005,wh-west,8
2025-11-24,SKU-2001,wh-west,6
2025-12-01,SKU-2005,wh-west,7
2025-11-14,SKU-2003,wh-east,11
2026-01-10,SKU-2001,wh-east,4
2026-01-01,SKU-2007,wh-west,5
2025-11-25,SKU-2004,wh-east,8
2025-11-17,SKU-2006,wh-east,13
2026-01-14,SKU-2002,wh-west,3
2025-12-23,SKU-2005,wh-west,4
2025-12-07,SKU-2001,wh-east,7
2025-11-15,SKU-2003,wh-east,7
2025-12-20,SKU-2001,wh-west,6
2025-12-07,SKU-2004,wh-east,5
2025-12-17,SKU-2007,wh-east,3
2025-12-27,SKU-2004,wh-east,6
2025-11-27,SKU-2003,wh-west,12
2025-12-30,SKU-2003,wh-west,13
2025-11-16,SKU-2003,wh-east,5
2025-12-31,SKU-2006,wh-west,7
2025-12-08,SKU-2006,wh-east,13
2025-12-21,SKU-2007,wh-east,1
2025-12-22,SKU-2004,wh-west,5
2025-11-19,SKU-2006,wh-east,13
2025-11-15,SKU-2002,wh-west,4
2025-12-30,SKU-2002,wh-east,2
2025-11-14,SKU-2004,wh-east,6
2025-11-08,SKU-2002,wh-east,3
2025-12-10,SKU-2005,wh-west,4
2025-12-17,SKU-2002,wh-west,2
2026-01-02,SKU-2003,wh-east,9
2026-01-02,SKU-2002,wh-west,8
2025-12-23,SKU-2005,wh-east,7
2025-12-19,SKU-2003,wh-west,13
2025-12-14,SKU-2001,wh-west,2
2025-11-10,SKU-2002,wh-east,4
2025-12-11,SKU-2005,wh-west,11
2025-11-24,SKU-2007,wh-east,3
2026-01-14,SKU-2001,wh-east,11
2026-01-03,SKU-2005,wh-west,4
2025-11-18,SKU-2002,wh-west,5
2025-11-19,SKU-2001,wh-west,4
2025-11-27,SKU-2007,wh-east,2
2025-11-17,SKU-2003,wh-west,9
2026-01-13,SKU-2004,wh-west,6
2025-11-13,SKU-2002,wh-east,3
2025-11-25,SKU-2006,wh-east,13
2025-11-15,SKU-2007,wh-east,3
2025-12-15,SKU-2007,wh-east,3
2025-12-21,SKU-2002,wh-west,3
2025-12-10,SKU-2001,wh-east,12
2025-12-22,SKU-2005,wh-west,9
2026-01-12,SKU-2005,wh-west,7
2025-12-19,SKU-2004,wh-east,8
2025-11-22,SKU-2002,wh-west,4
2026-01-08,SKU-2002,wh-west,5
2025-12-10,SKU-2007,wh-east,2
2026-01-01,SKU-2006,wh-east,10
2025-11-08,SKU-2003,wh-east,7
2026-01-05,SKU-2003,wh-west,10
2025-11-15,SKU-2002,wh-east,3
2025-11-18,SKU-2006,wh-west,6
2025-11-23,SKU-2003,wh-west,4
2025-12-11,SKU-2007,wh-west,6
2026-01-13,SKU-2003,wh-west,11
2026-01-08,SKU-2004,wh-west,7
2026-01-14,SKU-2006,wh-west,7
2025-12-12,SKU-2007,wh-east,3
2026-01-12,SKU-2006,wh-east,95
2025-12-18,SKU-2003,wh-east,6
2025-11-08,SKU-2006,wh-west,2
2025-12-31,SKU-2005,wh-east,10
2025-12-06,SKU-2002,wh-west,3
2025-12-21,SKU-2002,wh-east,2
2025-12-01,SKU-2006,wh-east,13
2025-11-08,SKU-2003,wh-west,5
2025-11-16,SKU-2007,wh-east,3
2026-01-06,SKU-2004,wh-west,5
2025-12-28,SKU-2005,wh-east,9
2025-12-30,SKU-2007,wh-east,3
2026-01-11,SKU-2006,wh-west,5
2025-11-14,SKU-2007,wh-east,3
2025-12-20,SKU-2003,wh-west,9
2025-11-14,SKU-2006,wh-east,8
2025-12-07,SKU-2007,wh-west,3
2026-01-12,SKU-2002,wh-east,3
2025-11-18,SKU-2003,wh-west,14
2025-11-14,SKU-2005,wh-east,5
2025-12-13,SKU-2005,wh-west,4
2025-11-11,SKU-2002,wh-east,4
2025-11-23,SKU-2005,wh-west,6
2025-11-26,SKU-2007,wh-east,3
2025-11-20,SKU-2003,wh-east,7
2026-01-08,SKU-2001,wh-west,8
2026-01-06,SKU-2001,wh-east,9
2026-01-02,SKU-2004,wh-east,7
2025-12-24,SKU-2003,wh-east,6
2025-12-30,SKU-2002,wh-west,3
2026-01-06,SKU-2002,wh-east,3
2026-01-02,SKU-2007,wh-east,5
2026-01-07,SKU-2003,wh-east,4
2025-12-23,SKU-2004,wh-east,6
2026-01-15,SKU-2006,wh-east,15
2025-11-14,SKU-2003,wh-west,11
2025-12-18,SKU-2006,wh-east,13
2025-12-26,SKU-2004,wh-east,4
2025-11-27,SKU-2006,wh-west,6
2025-12-26,SKU-2007,wh-west,5
2025-12-22,SKU-2006,wh-east,9
2026-01-11,SKU-2001,wh-east,5
2025-11-09,SKU-2004,wh-east,7
2025-11-09,SKU-2002,wh-west,3
2025-11-09,SKU-2005,wh-west,5
2025-11-20,SKU-2003,wh-west,5
2025-12-01,SKU-2002,wh-west,3
2025-12-11,SKU-2006,wh-east,14
2025-12-03,SKU-2006,wh-east,10
2025-12-03,SKU-2001,wh-west,4
2025-12-12,SKU-2007,wh-west,6
2025-12-09,SKU-2005,wh-east,9
2025-12-10,SKU-2006,wh-west,4
2025-12-12,SKU-2005,wh-west,11
2025-12-06,SKU-2004,wh-west,3
2025-12-29,SKU-2006,wh-west,5
2025-12-16,SKU-2005,wh-west,8
2025-12-09,SKU-2003,wh-east,7
2025-11-30,SKU-2004,wh-west,3
2025-11-07,SKU-2003,wh-east,10
2025-12-25,SKU-2001,wh-east,11
2025-12-24,SKU-2004,wh-west,7
2025-12-13,SKU-2007,wh-west,5
2025-12-09,SKU-2006,wh-east,4
2025-12-23,SKU-2007,wh-west,4
2025-12-02,SKU-2006,wh-east,9
2025-11-26,SKU-2006,wh-east,6
15-01-2026,SKU-2001,wh-east,5
2026-01-04,SKU-2001,wh-east,6
2026-01-07,SKU-2004,wh-east,8
2025-11-23,SKU-2007,wh-west,5
2025-12-18,SKU-2005,wh-east,9
2026-01-03,SKU-2006,wh-east,6
2025-12-18,SKU-2007,wh-east,3
2025-11-29,SKU-2003,wh-west,1
2026-01-08,SKU-2005,wh-east,9
2026-01-12,SKU-2003,wh-west,11
2025-11-24,SKU-2005,wh-east,11
2025-11-29,SKU-2003,wh-east,4
2025-11-20,SKU-2002,wh-east,3
2026-01-03,SKU-2001,wh-east,12
2026-01-14,SKU-2001,wh-west,6
2026-01-01,SKU-2003,wh-east,9
2025-12-03,SKU-2007,wh-east,5
2026-01-13,SKU-2005,wh-west,10
2026-01-05,SKU-2006,wh-west,4
2025-12-25,SKU-2002,wh-west,4
2026-01-04,SKU-2007,wh-east,4
2025-12-19,SKU-2001,wh-east,5
2025-12-16,SKU-2004,wh-east,8
2026-01-15,SKU-2002,wh-east,many
2025-11-27,SKU-2003,wh-east,8
2025-11-08,SKU-2006,wh-east,6
2025-12-21,SKU-2003,wh-east,1
2025-12-12,SKU-2006,wh-east,8
2025-12-11,SKU-2003,wh-east,9
2025-11-22,SKU-2003,wh-west,0
2026-01-14,SKU-2007,wh-east,3
2025-12-14,SKU-2004,wh-east,6
2025-12-07,SKU-2005,wh-west,3
2026-01-06,SKU-2002,wh-west,3
2025-12-04,SKU-2001,wh-east,9
2025-12-09,SKU-2003,wh-west,12
2025-12-12,SKU-2002,wh-west,5
2025-12-22,SKU-2002,wh-west,7
2025-12-08,SKU-2004,wh-east,5
2025-12-07,SKU-2002,wh-west,3
2025-11-27,SKU-2002,wh-west,4
2025-11-21,SKU-2002,wh-east,3
2025-11-21,SKU-2003,wh-west,11
2025-11-23,SKU-2004,wh-west,3
2026-01-11,SKU-2004,wh-east,5
2025-12-17,SKU-2001,wh-east,10
2025-12-13,SKU-2004,wh-east,5
2025-12-19,SKU-2007,wh-east,5
2025-11-22,SKU-2004,wh-east,5
2025-12-19,SKU-2007,wh-west,4
2025-11-19,SKU-2004,wh-west,5
2025-12-03,SKU-2003,wh-east,5
2025-11-17,SKU-2007,wh-west,4
2025-12-08,SKU-2006,wh-west,5
2025-12-09,SKU-2004,wh-west,3
2025-12-15,SKU-2004,wh-east,4
2025-12-01,SKU-2001,wh-west,7
2025-12-02,SKU-2001,wh-east,10
2025-11-24,SKU-2004,wh-east,5
2026-01-06,SKU-2003,wh-east,7
2025-12-24,SKU-2001,wh-west,6
2025-11-22,SKU-2001,wh-west,3
2025-12-25,SKU-2004,wh-east,8
2025-12-12,SKU-2005,wh-east,7
2026-01-01,SKU-2001,wh-west,8
2025-11-13,SKU-2006,wh-east,10
2025-12-20,SKU-2004,wh-east,6
2025-12-26,SKU-2003,wh-east,8
2025-12-30,SKU-2007,wh-west,8
2025-12-06,SKU-2005,wh-west,8
2025-12-21,SKU-2003,wh-west,4
2025-11-29,SKU-2007,wh-west,4
2025-12-05,SKU-2002,wh-west,5
2025-11-20,SKU-2005,wh-west,7
2025-12-21,SKU-2001,wh-east,10
2025-12-10,SKU-2004,wh-east,7
2025-12-20,SKU-2002,wh-east,3
2026-01-12,SKU-2004,wh-east,5
2025-11-09,SKU-2004,wh-west,4
2025-12-02,SKU-2004,wh-west,2
2025-12-16,SKU-2001,wh-west,6
2025-11-12,SKU-2003,wh-west,11
2025-12-13,SKU-2003,wh-west,8
2025-11-17,SKU-2004,wh-east,5
2025-11-24,SKU-2004,wh-west,7
2025-11-10,SKU-2001,wh-east,6
2026-01-14,SKU-2002,wh-east,3
2025-12-17,SKU-2006,wh-west,4
2025-12-17,SKU-2002,wh-east,4
2026-01-01,SKU-2005,wh-west,7
2026-01-06,SKU-2006,wh-west,5
2025-12-06,SKU-2007,wh-east,1
2025-12-02,SKU-2007,wh-west,4
2025-11-17,SKU-2004,wh-west,4
2025-11-25,SKU-2001,wh-east,13
2025-12-03,SKU-2007,wh-west,4
2025-12-22,SKU-2001,wh-east,6
2025-11-08,SKU-2001,wh-east,2
2026-01-15,SKU-2003,wh-east,4
2026-01-15,SKU-2005,wh-east,10
2026-01-15,SKU-2006,wh-west,4
2025-11-08,SKU-2005,wh-east,3
2025-12-19,SKU-2002,wh-west,4
2025-12-10,SKU-2006,wh-east,11
2026-01-05,SKU-2001,wh-east,10
2025-12-15,SKU-2002,wh-west,5
2025-12-31,SKU-2003,wh-west,13
2025-11-08,SKU-2004,wh-west,3
2025-11-12,SKU-2006,wh-east,9
2025-12-14,SKU-2001,wh-east,12
2025-11-26,SKU-2001,wh-west,7
2026-01-04,SKU-2005,wh-west,5
2025-11-19,SKU-2001,wh-east,12
2025-11-17,SKU-2001,wh-west,4
2025-12-11,SKU-2001,wh-east,9
2025-11-15,SKU-2003,wh-west,4
2025-11-20,SKU-2006,wh-east,9
2026-01-03,SKU-2005,wh-east,3
2025-12-16,SKU-2007,wh-east,5
2025-11-17,SKU-2001,wh-east,8
2025-11-30,SKU-2006,wh-east,5
2025-12-31,SKU-2004,wh-east,8
2025-12-28,SKU-2001,wh-east,6
2025-12-05,SKU-2002,wh-east,2
2025-11-30,SKU-2001,wh-west,4
2025-11-29,SKU-2002,wh-west,4
2026-01-12,SKU-2007,wh-west,7
2025-11-19,SKU-2005,wh-west,6
2025-12-06,SKU-2004,wh-east,7
2026-01-07,SKU-2006,wh-west,6
2025-11-27,SKU-2007,wh-west,5
2025-12-06,SKU-2001,wh-east,6
2025-11-29,SKU-2002,wh-east,1
2025-11-12,SKU-2001,wh-east,7
2025-11-07,SKU-2002,wh-east,4
2025-12-31,SKU-2001,wh-east,7
2026-01-02,SKU-2001,wh-west,7
2025-11-13,SKU-2001,wh-east,13
2026-01-04,SKU-2006,wh-west,5
2025-11-13,SKU-2004,wh-west,4
2025-11-12,SKU-2002,wh-east,3
2025-12-03,SKU-2004,wh-east,4
2025-12-22,SKU-2004,wh-east,4
2025-11-28,SKU-2002,wh-west,4
2025-12-19,SKU-2003,wh-east,7
2025-11-25,SKU-2002,wh-west,4
2025-11-29,SKU-2005,wh-east,11
2025-11-13,SKU-2005,wh-east,9
2026-01-02,SKU-2004,wh-west,4
2025-12-28,SKU-2001,wh-west,4
2025-11-20,SKU-2006,wh-west,2
2026-01-06,SKU-2007,wh-east,4
2025-11-07,SKU-2006,wh-east,7
2025-12-14,SKU-2003,wh-east,6
2025-12-05,SKU-2004,wh-east,7
2025-12-07,SKU-2003,wh-east,6
2025-11-11,SKU-2005,wh-west,5
2025-11-09,SKU-2006,wh-west,1
2025-12-26,SKU-2001,wh-east,10
2026-01-13,SKU-2007,wh-east,3
2025-12-18,SKU-2001,wh-east,12
2025-11-10,SKU-2005,wh-west,11
2025-11-12,SKU-2004,wh-west,3
2025-11-25,SKU-2006,wh-west,5
2025-11-10,SKU-2007,wh-east,3
2026-01-15,SKU-2005,wh-west,10
2025-11-20,SKU-2005,wh-east,10
2026-01-15,SKU-2003,wh-west,-4
2025-12-10,SKU-2002,wh-west,6
2025-12-12,SKU-2004,wh-west,3
2025-11-28,SKU-2003,wh-west,11
2025-12-28,SKU-2004,wh-west,3
2025-11-29,SKU-2001,wh-east,5
2026-01-01,SKU-2002,wh-east,2
2025-11-26,SKU-2002,wh-east,2
2025-12-14,SKU-2003,wh-west,4
2025-12-03,SKU-2006,wh-west,5
2025-12-28,SKU-2004,wh-east,8
2025-12-24,SKU-2001,wh-east,9
2025-12-21,SKU-2005,wh-east,5
2025-12-29,SKU-2006,wh-east,13
2025-12-24,SKU-2007,wh-west,6
2025-11-19,SKU-2006,wh-west,5
2025-11-30,SKU-2007,wh-east,3
2025-11-13,SKU-2001,wh-west,6
2025-11-15,SKU-2007,wh-west,2
2025-12-08,SKU-2007,wh-west,6
2026-01-13,SKU-2003,wh-east,10
2025-11-10,SKU-2005,wh-east,5
2025-11-09,SKU-2003,wh-east,6
2025-11-16,SKU-2004,wh-west,1
2025-12-01,SKU-2007,wh-east,4
2026-01-10,SKU-2006,wh-west,1
2025-12-07,SKU-2006,wh-east,4
2025-11-19,SKU-2003,wh-west,7
2025-12-11,SKU-2002,wh-east,3
2026-01-13,SKU-2002,wh-east,2
2025-12-10,SKU-2005,wh-east,8
2025-12-15,SKU-2003,wh-west,15
2026-01-03,SKU-2004,wh-west,3
2025-11-14,SKU-2004,wh-west,7
2026-01-11,SKU-2002,wh-west,2
2025-11-07,SKU-2007,wh-east,4
2025-12-17,SKU-2005,wh-west,8
2026-01-02,SKU-2001,wh-east,10
2025-12-23,SKU-2003,wh-east,7
2025-11-23,SKU-2006,wh-east,7
2025-11-13,SKU-2003,wh-west,8
2025-11-08,SKU-2005,wh-west,5
2025-11-07,SKU-2007,wh-west,3
2025-12-29,SKU-2003,wh-west,13
2026-01-12,SKU-2004,wh-west,4
2026-01-02,SKU-2002,wh-east,3
2025-11-09,SKU-2001,wh-east,9
2025-11-26,SKU-2002,wh-west,7
2026-01-05,SKU-2001,wh-west,7
2025-11-11,SKU-2006,wh-east,7
2025-12-16,SKU-2006,wh-west,8
2025-11-23,SKU-2003,wh-east,6
2025-12-30,SKU-2001,wh-west,6
2025-11-22,SKU-2006,wh-east,10
2025-11-11,SKU-2007,wh-east,5
2025-12-12,SKU-2002,wh-east,4
2026-01-07,SKU-2001,wh-west,6
2025-11-20,SKU-2001,wh-west,7
2026-01-09,SKU-2007,wh-west,5
2025-12-14,SKU-2002,wh-east,2
2025-12-20,SKU-2007,wh-west,3
2025-12-10,SKU-2001,wh-west,6
2025-11-21,SKU-2007,wh-east,3
2025-11-21,SKU-2002,wh-west,5
2025-11-28,SKU-2007,wh-east,3
2025-12-30,SKU-2004,wh-west,3
2026-01-01,SKU-2007,wh-east,2
2025-11-15,SKU-2005,wh-west,6
2026-01-11,SKU-2007,wh-west,1
2025-11-28,SKU-2005,wh-east,10
2026-01-12,SKU-2005,wh-east,10
2025-11-27,SKU-2005,wh-west,7
2026-01-03,SKU-2006,wh-west,3
2025-12-18,SKU-2001,wh-west,7
2025-11-19,SKU-2003,wh-east,7
2025-11-21,SKU-2005,wh-west,7
2025-11-20,SKU-2004,wh-west,4
2025-12-31,SKU-2007,wh-west,5
2026-01-04,SKU-2002,wh-east,2
2025-12-16,SKU-2005,wh-east,9
2025-12-02,SKU-2003,wh-east,7
2025-11-07,SKU-2004,wh-west,3
2025-12-19,SKU-2005,wh-east,10
2025-12-16,SKU-2002,wh-east,5
2025-12-29,SKU-2007,wh-east,1
2025-12-22,SKU-2007,wh-west,4
2026-01-06,SKU-2007,wh-west,4
2025-12-18,SKU-2002,wh-west,2
2025-12-11,SKU-2005,wh-east,8
2026-01-04,SKU-2003,wh-west,7
2025-11-28,SKU-2006,wh-east,3
2026-01-14,SKU-2005,wh-east,9
2025-11-16,SKU-2002,wh-west,3
2025-12-12,SKU-2001,wh-west,5
2025-12-24,SKU-2005,wh-east,12
2025-12-06,SKU-2007,wh-west,3
2026-01-05,SKU-2002,wh-east,3
2025-12-10,SKU-2007,wh-west,3
2025-11-27,SKU-2002,wh-east,3
2026-01-05,SKU-2005,wh-west,10
2025-12-04,SKU-2002,wh-west,3
2026-01-05,SKU-2004,wh-west,3
2025-12-06,SKU-2001,wh-west,6
2025-12-14,SKU-2005,wh-east,9
2026-01-06,SKU-2003,wh-west,14
2026-01-08,SKU-2005,wh-west,6
2026-01-10,SKU-2004,wh-east,8
2026-01-10,SKU-2006,wh-east,2
2025-11-20,SKU-2007,wh-east,4
2025-12-13,SKU-2005,wh-east,5
2025-12-15,SKU-2006,wh-west,5
2025-11-07,SKU-2005,wh-west,7
2025-11-24,SKU-2002,wh-west,4
2025-11-08,SKU-2007,wh-east,1
2025-12-26,SKU-2004,wh-west,4
2026-01-06,SKU-2005,wh-west,6
2025-11-16,SKU-2007,wh-west,2
2025-11-11,SKU-2004,wh-west,5
2026-01-13,SKU-2006,wh-east,11
2025-11-29,SKU-2004,wh-east,6
2025-11-26,SKU-2007,wh-west,5
2025-11-28,SKU-2006,wh-west,6
2025-12-03,SKU-2002,wh-west,4
2025-12-04,SKU-2003,wh-west,12
2025-12-14,SKU-2007,wh-east,1
2026-01-01,SKU-2002,wh-west,3
2025-11-20,SKU-2002,wh-west,4
2025-12-16,SKU-2001,wh-east,8
2025-12-05,SKU-2003,wh-east,4
2025-12-24,SKU-2006,wh-east,9
2025-12-27,SKU-2004,wh-west,5
2025-11-23,SKU-2002,wh-east,3
2025-12-10,SKU-2004,wh-west,4
2026-01-08,SKU-2006,wh-west,6
2025-11-16,SKU-2003,wh-west,8
2025-11-23,SKU-2007,wh-east,3
2025-12-04,SKU-2006,wh-east,10
2025-12-20,SKU-2003,wh-east,6
2025-12-17,SKU-2006,wh-east,13
2025-11-09,SKU-2006,wh-east,7
2025-11-28,SKU-2001,wh-east,5
2026-01-02,SKU-2005,wh-east,8
2026-01-04,SKU-2002,wh-west,1
2025-11-30,SKU-2003,wh-west,5
2025-12-29,SKU-2005,wh-east,6
2025-12-23,SKU-2006,wh-west,4
2025-11-22,SKU-2001,wh-east,12
2025-12-05,SKU-2005,wh-east,7
2025-11-19,SKU-2004,wh-east,6
2025-11-22,SKU-2004,wh-west,3
2025-12-03,SKU-2005,wh-east,10
2025-12-30,SKU-2001,wh-east,8
2025-12-29,SKU-2002,wh-west,2
2025-12-11,SKU-2003,wh-west,14
2025-12-12,SKU-2004,wh-east,5
2025-12-02,SKU-2005,wh-east,7
2025-12-09,SKU-2007,wh-east,2
2025-12-06,SKU-2003,wh-west,8
2025-11-20,SKU-2007,wh-west,5
2025-12-26,SKU-2005,wh-west,9
2025-12-09,SKU-2006,wh-west,4
2025-11-10,SKU-2002,wh-west,6
2026-01-04,SKU-2004,wh-west,4
2025-11-13,SKU-2007,wh-east,3
2025-12-31,SKU-2004,wh-west,6
2025-12-23,SKU-2003,wh-west,9
2026-01-10,SKU-2005,wh-east,2
2026-01-08,SKU-2007,wh-west,3
2026-01-12,SKU-2003,wh-east,10
2025-11-13,SKU-2002,wh-west,5
2026-01-09,SKU-2006,wh-east,8
2025-12-02,SKU-2002,wh-west,6
2025-12-25,SKU-2001,wh-west,8
2026-01-05,SKU-2004,wh-east,7
2025-11-25,SKU-2001,wh-west,6
2026-01-11,SKU-2007,wh-east,4
2025-12-06,SKU-2005,wh-east,9
2025-12-22,SKU-2002,wh-east,5
2026-01-01,SKU-2001,wh-east,7
2025-12-17,SKU-2004,wh-west,5
2025-12-27,SKU-2001,wh-west,5
2025-12-09,SKU-2007,wh-west,7
2025-11-20,SKU-2001,wh-east,10
2025-12-27,SKU-2006,wh-east,4
2025-11-21,SKU-2003,wh-east,7
2025-12-09,SKU-2002,wh-east,3
2025-12-07,SKU-2003,wh-west,10
2025-11-16,SKU-2006,wh-east,8
2025-12-30,SKU-2004,wh-east,7
2026-01-12,SKU-2007,wh-east,3
2025-11-21,SKU-2006,wh-west,4
2025-12-11,SKU-2004,wh-west,3
2025-12-03,SKU-2001,wh-east,8
2025-12-27,SKU-2005,wh-east,2
2026-01-01,SKU-2006,wh-west,8
2025-12-27,SKU-2006,wh-west,3
2025-12-25,SKU-2007,wh-east,1
2025-12-20,SKU-2007,wh-east,3
2026-01-12,SKU-2001,wh-west,7
2025-12-13,SKU-2006,wh-east,13
2025-11-28,SKU-2004,wh-east,8
2025-11-10,SKU-2003,wh-west,15
2025-12-18,SKU-2003,wh-west,12
2025-12-25,SKU-2003,wh-east,6
2026-01-11,SKU-2006,wh-east,10
2025-11-26,SKU-2003,wh-west,5
2025-11-28,SKU-2005,wh-west,9
2025-12-18,SKU-2002,wh-east,2
2025-12-24,SKU-2002,wh-east,2
2026-01-03,SKU-2004,wh-east,5
2026-01-11,SKU-2005,wh-east,1
2025-11-29,SKU-2001,wh-west,2
2026-01-09,SKU-2004,wh-west,2
2026-01-13,SKU-2004,wh-east,7
2025-12-04,SKU-2004,wh-west,5
2025-11-19,SKU-2002,wh-west,4
2025-11-15,SKU-2004,wh-west,2
2025-11-26,SKU-2006,wh-west,7
2025-12-19,SKU-2001,wh-west,3
2025-12-20,SKU-2006,wh-east,5
2026-01-14,SKU-2003,wh-east,8
2025-12-23,SKU-2001,wh-east,8
2026-01-03,SKU-2001,wh-west,4
2025-12-05,SKU-2003,wh-west,14
2026-01-09,SKU-2007,wh-east,6
2025-12-03,SKU-2003,wh-west,5
2025-11-07,SKU-2001,wh-east,10
2025-11-30,SKU-2002,wh-east,3
2026-01-07,SKU-2006,wh-east,12
2025-11-23,SKU-2005,wh-east,7
2025-11-11,SKU-2002,wh-west,5
2026-01-15,SKU-2006,wh-west,6
2026-01-14,SKU-2004,wh-west,4
2025-12-17,SKU-2003,wh-west,7
2025-12-19,SKU-2005,wh-west,6
2025-12-06,SKU-2003,wh-east,6
2025-11-25,SKU-2007,wh-west,5
2025-11-18,SKU-2006,wh-east,11
2025-11-21,SKU-2004,wh-east,8
2025-11-10,SKU-2007,wh-west,5
2025-12-08,SKU-2001,wh-east,8
2025-12-13,SKU-2001,wh-east,5
2025-12-23,SKU-2001,wh-west,5
2025-12-26,SKU-2001,wh-west,5
2026-01-05,SKU-2002,wh-west,5
2025-12-15,SKU-2002,wh-east,4
2025-11-11,SKU-2005,wh-east,12
2025-12-17,SKU-2005,wh-east,9
2025-12-14,SKU-2006,wh-east,6
2025-12-10,SKU-2003,wh-west,13
2026-01-11,SKU-2003,wh-west,10
2026-01-15,SKU-2004,wh-east,7
2025-12-14,SKU-2005,wh-west,4
2025-12-07,SKU-2001,wh-west,4
2026-01-07,SKU-2002,wh-west,5
2025-12-13,SKU-2004,wh-west,2
2026-01-12,SKU-2006,wh-west,5
2025-12-26,SKU-2007,wh-east,4
2026-01-15,SKU-2007,wh-west,6
2025-12-29,SKU-2007,wh-west,6
2025-12-25,SKU-2007,wh-west,5
2025-12-28,SKU-2007,wh-west,2
2025-12-28,SKU-2007,wh-east,1
2025-11-14,SKU-2001,wh-west,5
2025-11-27,SKU-2006,wh-east,8
2026-01-06,SKU-2005,wh-east,3
2025-12-05,SKU-2001,wh-east,10
2025-12-08,SKU-2002,wh-east,4
2026-01-02,SKU-2006,wh-west,4
2025-12-16,SKU-2003,wh-east,11
2026-01-08,SKU-2007,wh-east,4
2025-11-12,SKU-2005,wh-east,7
2025-12-04,SKU-2006,wh-west,4
2025-12-29,SKU-2004,wh-west,5
2025-11-17,SKU-2006,wh-west,5
2025-11-27,SKU-2001,wh-east,14
2025-12-18,SKU-2004,wh-east,4
2025-11-22,SKU-2007,wh-east,2
2025-11-27,SKU-2005,wh-east,5
2026-01-15,SKU-2002,wh-west,3
2025-12-31,SKU-2002,wh-east,2
2025-11-17,SKU-2005,wh-west,8
2025-12-30,SKU-2006,wh-west,4
2025-11-30,SKU-2003,wh-east,4
2026-01-09,SKU-2001,wh-east,10
2025-11-28,SKU-2007,wh-west,4
2025-12-05,SKU-2006,wh-east,9
2025-11-18,SKU-2007,wh-east,3
2026-01-01,SKU-2005,wh-east,8
2025-11-11,SKU-2003,wh-west,3
2025-12-03,SKU-2004,wh-west,6
2025-12-01,SKU-2002,wh-east,3
2026-01-05,SKU-2005,wh-east,12
2025-11-21,SKU-2004,wh-west,4
2026-01-07,SKU-2005,wh-west,6
2025-12-09,SKU-2001,wh-east,5
2025-11-26,SKU-2003,wh-east,5
2025-12-02,SKU-2004,wh-east,4
2025-12-14,SKU-2007,wh-west,3
2025-12-22,SKU-2001,wh-west,6
2025-11-18,SKU-2003,wh-east,9
2025-12-04,SKU-2001,wh-west,3
2025-12-05,SKU-2001,wh-west,7
2025-12-14,SKU-2004,wh-west,3
2026-01-15,SKU-2006,wh-west,6
2025-11-30,SKU-2005,wh-west,6
2025-12-31,SKU-2001,wh-west,6
2026-01-08,SKU-2003,wh-east,9
2025-12-21,SKU-2004,wh-west,4
2026-01-07,SKU-2003,wh-west,10
2025-12-12,SKU-2003,wh-west,8
2025-12-08,SKU-2007,wh-east,5
2025-11-12,SKU-2007,wh-west,5
2025-12-04,SKU-2005,wh-west,12
2026-01-07,SKU-2007,wh-east,4
2025-12-19,SKU-2004,wh-west,3
2025-11-09,SKU-2007,wh-east,1
2025-12-17,SKU-2003,wh-east,7
2026-01-04,SKU-2006,wh-east,11
2025-12-25,SKU-2006,wh-east,11
2025-12-31,SKU-2002,wh-west,4
2025-12-20,SKU-2005,wh-east,7
2025-12-17,SKU-2004,wh-east,4
2025-12-08,SKU-2001,wh-west,6
2025-11-16,SKU-2005,wh-west,5
2026-01-09,SKU-2004,wh-east,6
2025-11-16,SKU-2004,wh-east,7
2025-11-09,SKU-2005,wh-east,6
2026-01-02,SKU-2006,wh-east,11
2025-12-20,SKU-2006,wh-west,2
2025-11-11,SKU-2006,wh-west,4
2025-12-16,SKU-2006,wh-east,8
2025-11-13,SKU-2005,wh-west,4
2025-11-25,SKU-2002,wh-east,3
2025-12-08,SKU-2003,wh-east,9
2025-12-03,SKU-2005,wh-west,15
2025-12-24,SKU-2005,wh-west,6
2025-11-14,SKU-2002,wh-east,4
2025-11-07,SKU-2004,wh-east,4
2025-12-30,SKU-2005,wh-west,10
2025-11-18,SKU-2002,wh-east,3
2025-11-23,SKU-2006,wh-west,0
2026-01-07,SKU-2002,wh-east,3
2025-12-08,SKU-2004,wh-west,5
2025-11-24,SKU-2002,wh-east,3
2026-01-06,SKU-2006,wh-east,9
2025-11-12,SKU-2002,wh-west,5
2025-12-19,SKU-2006,wh-east,7
2026-01-15,SKU-2001,wh-east,11
2025-11-26,SKU-2005,wh-west,10
2025-12-27,SKU-2002,wh-east,1
2025-12-16,SKU-2002,wh-west,6
2025-12-04,SKU-2003,wh-east,7
2026-01-11,SKU-2005,wh-west,4
2025-11-19,SKU-2002,wh-east,5
2025-12-13,SKU-2003,wh-east,5
2025-12-04,SKU-2002,wh-east,4
2025-12-23,SKU-2006,wh-east,7
2025-11-24,SKU-2001,wh-east,8
2025-12-01,SKU-2007,wh-west,4
2026-01-13,SKU-2006,wh-west,4
2026-01-08,SKU-2004,wh-east,6
2025-12-06,SKU-2006,wh-west,5
2026-01-07,SKU-2004,wh-west,7
2025-11-12,SKU-2001,wh-west,3
2025-11-17,SKU-2002,wh-west,5
2025-11-08,SKU-2002,wh-west,3
2026-01-04,SKU-2005,wh-east,11
2025-11-29,SKU-2007,wh-east,3
2026-01-08,SKU-2002,wh-east,4
2026-01-04,SKU-2007,wh-west,2
2026-01-04,SKU-2001,wh-west,7
2026-01-03,SKU-2003,wh-west,7
2025-11-14,SKU-2006,wh-west,5
2025-11-21,SKU-2006,wh-east,13
2025-12-17,SKU-2001,wh-west,6
2025-12-23,SKU-2002,wh-west,1
2025-12-07,SKU-2006,wh-west,5
2025-12-05,SKU-2007,wh-west,6
2025-12-30,SKU-2006,wh-east,16
2026-01-15,SKU-2003,wh-west,7
2025-11-17,SKU-2007,wh-east,0
2025-11-30,SKU-2007,wh-west,3
2025-11-11,SKU-2004,wh-east,4
2025-12-08,SKU-2003,wh-west,9
2026-01-13,SKU-2001,wh-east,10
2025-12-09,SKU-2004,wh-east,8
2026-01-09,SKU-2005,wh-west,6
2026-01-14,SKU-2005,wh-west,12
2025-12-23,SKU-2007,wh-east,6
2025-11-14,SKU-2005,wh-west,7
2026-01-07,SKU-2001,wh-east,5
2025-12-02,SKU-2007,wh-east,4
2026-01-06,SKU-2001,wh-west,5
2025-11-08,SKU-2001,wh-west,4
2025-12-22,SKU-2007,wh-east,2
2025-12-18,SKU-2004,wh-west,7
2025-12-16,SKU-2004,wh-west,5
2025-11-15,SKU-2004,wh-east,7
2025-12-16,SKU-2003,wh-west,10
2026-01-01,SKU-2004,wh-east,7
2025-11-12,SKU-2006,wh-west,5
2025-12-26,SKU-2002,wh-east,4
2026-01-11,SKU-2002,wh-east,2
2026-01-14,SKU-2004,wh-east,6
2025-12-21,SKU-2001,wh-west,4
2025-12-18,SKU-2005,wh-west,7
2025-11-12,SKU-2007,wh-east,4
2025-12-15,SKU-2003,wh-east,10
2025-12-07,SKU-2004,wh-west,7
2025-11-29,SKU-2005,wh-west,6
2026-01-08,SKU-2001,wh-east,11
2025-11-10,SKU-2006,wh-east,12
2025-12-29,SKU-2005,wh-west,9
2025-11-12,SKU-2005,wh-west,13
2025-12-30,SKU-2003,wh-east,7
2025-12-05,SKU-2006,wh-west,3
2025-12-01,SKU-2001,wh-east,9
2026-01-15,SKU-2007,wh-east,4
2025-12-24,SKU-2006,wh-west,6
2025-11-18,SKU-2004,wh-west,7
2025-11-10,SKU-2004,wh-west,5
2025-12-13,SKU-2002,wh-east,2
2025-12-15,SKU-2001,wh-west,2
2025-11-13,SKU-2003,wh-east,6
2025-11-10,SKU-2001,wh-west,5
2025-11-14,SKU-2002,wh-west,2
2026-01-03,SKU-2007,wh-east,2
2025-11-09,SKU-2003,wh-west,6
2026-01-05,SKU-2003,wh-east,5
2025-11-28,SKU-2001,wh-west,3
2026-01-11,SKU-2003,wh-east,7
2026-01-09,SKU-2006,wh-west,3
2025-11-25,SKU-2004,wh-west,3
2025-12-27,SKU-2003,wh-west,8
2025-11-12,SKU-2004,wh-east,7
2026-01-03,SKU-2002,wh-west,3
2025-11-22,SKU-2007,wh-west,7
2025-12-11,SKU-2006,wh-west,2
2025-12-21,SKU-2007,wh-west,4
2025-12-26,SKU-2006,wh-east,6
2026-01-09,SKU-2001,wh-west,7
2025-12-27,SKU-2003,wh-east,6
2025-12-18,SKU-2006,wh-west,7
2026-01-01,SKU-2003,wh-west,11
2025-11-28,SKU-2004,wh-west,2
2025-12-01,SKU-2006,wh-west,3
2026-01-05,SKU-2006,wh-east,8
2025-12-25,SKU-2002,wh-east,3
2025-12-10,SKU-2002,wh-east,3
2025-12-02,SKU-2001,wh-west,6
2025-12-01,SKU-2005,wh-east,8
2025-11-30,SKU-2002,wh-west,3
2025-11-29,SKU-2006,wh-east,16
2025-11-10,SKU-2006,wh-west,8
2025-12-23,SKU-2004,wh-west,2
2025-11-27,SKU-2004,wh-west,6
2026-01-08,SKU-2003,wh-west,6
2025-11-25,SKU-2003,wh-east,5
2025-12-05,SKU-2007,wh-east,0
2026-01-10,SKU-2007,wh-east,1
2025-12-29,SKU-2002,wh-east,4
2025-12-25,SKU-2004,wh-west,3
2025-11-15,SKU-2001,wh-east,3
2025-11-19,SKU-2005,wh-east,7
2026-01-10,SKU-2003,wh-east,3
2025-11-07,SKU-2003,wh-west,4
2025-12-20,SKU-2001,wh-east,6
2025-12-13,SKU-2001,wh-west,2
2025-12-22,SKU-2003,wh-west,11
2025-11-21,SKU-2005,wh-east,4
2025-11-26,SKU-2004,wh-west,5
2025-12-28,SKU-2002,wh-west,4
2026-01-02,SKU-2007,wh-west,3
2026-01-13,SKU-2005,wh-east,13
2025-12-15,SKU-2004,wh-west,5
2025-12-08,SKU-2005,wh-west,9
2025-12-19,SKU-2006,wh-west,8
2025-11-30,SKU-2004,wh-east,5
2025-12-28,SKU-2005,wh-west,2
2025-12-28,SKU-2003,wh-east,7
2025-12-27,SKU-2002,wh-west,2
2025-11-27,SKU-2004,wh-east,7
2025-12-11,SKU-2004,wh-east,7
2025-11-22,SKU-2005,wh-east,7
2026-01-13,SKU-2001,wh-west,5
2025-11-08,SKU-2007,wh-west,4
2025-12-26,SKU-2002,wh-west,5
2025-12-02,SKU-2005,wh-west,6
2025-12-04,SKU-2004,wh-east,7
2026-01-14,SKU-2006,wh-east,12
2025-12-01,SKU-2003,wh-west,9
2025-11-19,SKU-2007,wh-west,2
2025-12-25,SKU-2005,wh-east,10
2025-11-13,SKU-2007,wh-west,4
2025-12-04,SKU-2005,wh-east,14
2025-11-26,SKU-2004,wh-east,4
2026-01-05,SKU-2007,wh-west,5
2025-12-29,SKU-2001,wh-east,8
2025-11-16,SKU-2002,wh-east,1
2026-01-15,SKU-2004,wh-west,6
2025-12-08,SKU-2005,wh-east,13
2025-12-13,SKU-2007,wh-east,2
2026-01-09,SKU-2003,wh-west,10
2025-11-27,SKU-2001,wh-west,5
2025-12-24,SKU-2003,wh-west,16
2025-12-09,SKU-2002,wh-west,3
